{
  "window_size": {
    "width": 1200,
    "height": 800
  },
  "proportions": {
    "main_horizontal": 0.2529313232830821,
    "right_vertical": 0.3813131313131313,
    "text_vertical": 0.5
  }
}