{
  "window_size": {
    "width": 1742,
    "height": 839
  },
  "proportions": {
    "main_horizontal": 0.179147465437788,
    "right_vertical": 0.28038507821901326,
    "text_vertical": 0.551440329218107
  }
}