{
  "window_size": {
    "width": 1200,
    "height": 800
  },
  "proportions": {
    "main_horizontal": 0.24623115577889448,
    "right_vertical": 0.3813131313131313,
    "text_vertical": 0.4830917874396135
  }
}