{
  "window_size": {
    "width": 2560,
    "height": 1349
  },
  "proportions": {
    "main_horizontal": 0.1895066562255286,
    "right_vertical": 0.22520507084265473,
    "text_vertical": 0.6152241918665277
  }
}