{
  "window_size": {
    "width": 1200,
    "height": 723
  },
  "proportions": {
    "main_horizontal": 0.4288107202680067,
    "right_vertical": 0.4223776223776224,
    "text_vertical": 0.5489130434782609
  }
}