{
  "window_size": {
    "width": 2560,
    "height": 1349
  },
  "proportions": {
    "main_horizontal": 0.1182458888018794,
    "right_vertical": 0.22520507084265473,
    "text_vertical": 0.21897810218978103
  }
}