{
  "window_size": {
    "width": 1714,
    "height": 823
  },
  "proportions": {
    "main_horizontal": 0.35772833723653397,
    "right_vertical": 0.23803680981595093,
    "text_vertical": 0.3669724770642202
  }
}