{
  "window_size": {
    "width": 1131,
    "height": 949
  },
  "proportions": {
    "main_horizontal": 0.26844444444444443,
    "right_vertical": 0.32093517534537724,
    "text_vertical": 0.3756708407871199
  }
}