{
  "window_size": {
    "width": 1695,
    "height": 937
  },
  "proportions": {
    "main_horizontal": 0.1788040260509177,
    "right_vertical": 0.32508073196986004,
    "text_vertical": 0.35934664246823955
  }
}