{
  "window_size": {
    "width": 1695,
    "height": 937
  },
  "proportions": {
    "main_horizontal": 0.2729425695677916,
    "right_vertical": 0.32508073196986004,
    "text_vertical": 0.5045372050816697
  }
}