{
  "window_size": {
    "width": 1920,
    "height": 989
  },
  "proportions": {
    "main_horizontal": 0.24085684430512017,
    "right_vertical": 0.30784913353720694,
    "text_vertical": 0.4444444444444444
  }
}