{
  "window_size": {
    "width": 1641,
    "height": 823
  },
  "proportions": {
    "main_horizontal": 0.1853211009174312,
    "right_vertical": 0.37055214723926383,
    "text_vertical": 0.4576659038901602
  }
}